{"cameraMode":{"drawMode":2,"name":"Shaded Wireframe","section":"Shading Mode"},"sceneLighting":true,"audioPlay":false,"sceneViewState":{"showFog":true,"showMaterialUpdate":true,"showSkybox":true,"showFlares":true,"showImageEffects":true,"showParticleSystems":true},"in2DMode":false,"pivot":{"x":-4.111420631408691,"y":2.661355972290039,"z":-0.6839287281036377},"rotation":{"x":-0.00919920764863491,"y":-0.9824256896972656,"z":0.18318137526512147,"w":-0.053248994052410129},"size":0.8660253882408142,"orthographic":false}