{"cameraMode":{"drawMode":0,"name":"Shaded","section":"Shading Mode"},"sceneLighting":false,"audioPlay":false,"sceneViewState":{"showFog":true,"showMaterialUpdate":true,"showSkybox":false,"showFlares":true,"showImageEffects":true,"showParticleSystems":true},"in2DMode":false,"pivot":{"x":-0.8125697374343872,"y":0.4575920104980469,"z":0.4657686650753021},"rotation":{"x":-0.17136380076408387,"y":-0.6934447884559631,"z":0.17555324733257295,"w":-0.677730917930603},"size":0.30866026878356936,"orthographic":false}