{"cameraMode":{"drawMode":0,"name":"Shaded","section":"Shading Mode"},"sceneLighting":false,"audioPlay":false,"sceneViewState":{"showFog":true,"showMaterialUpdate":true,"showSkybox":false,"showFlares":true,"showImageEffects":true,"showParticleSystems":true},"in2DMode":false,"pivot":{"x":-0.0012837648391723633,"y":0.013650568202137947,"z":0.0},"rotation":{"x":-0.19384311139583589,"y":0.40748557448387148,"z":-0.08875156193971634,"w":-0.8881577253341675},"size":0.09084247052669525,"orthographic":false}