{"cameraMode":{"drawMode":2,"name":"Shaded Wireframe","section":"Shading Mode"},"sceneLighting":false,"audioPlay":false,"sceneViewState":{"showFog":true,"showMaterialUpdate":true,"showSkybox":false,"showFlares":true,"showImageEffects":true,"showParticleSystems":true},"in2DMode":false,"pivot":{"x":4.268284320831299,"y":2.2209999561309816,"z":3.924579620361328},"rotation":{"x":0.3158556818962097,"y":-0.016425279900431634,"z":0.005152630619704723,"w":0.9489516019821167},"size":0.866025447845459,"orthographic":false}