{"cameraMode":{"drawMode":0,"name":"Shaded","section":"Shading Mode"},"sceneLighting":true,"audioPlay":false,"sceneViewState":{"showFog":true,"showMaterialUpdate":true,"showSkybox":true,"showFlares":true,"showImageEffects":true,"showParticleSystems":true},"in2DMode":false,"pivot":{"x":-5.534780979156494,"y":4.115357398986816,"z":5.017160892486572},"rotation":{"x":-0.12799452245235444,"y":-0.7405114769935608,"z":0.14724157750606538,"w":-0.6434788703918457},"size":0.7796891927719116,"orthographic":false}