{"cameraMode":{"drawMode":0,"name":"Shaded","section":"Shading Mode"},"sceneLighting":true,"audioPlay":false,"sceneViewState":{"showFog":true,"showMaterialUpdate":true,"showSkybox":true,"showFlares":true,"showImageEffects":true,"showParticleSystems":true},"in2DMode":false,"pivot":{"x":-3.2222728729248049,"y":3.546853542327881,"z":-0.12328524887561798},"rotation":{"x":0.11980151385068894,"y":0.37357524037361147,"z":-0.04917248338460922,"w":0.9190002679824829},"size":0.8660253882408142,"orthographic":false}