{"cameraMode":{"drawMode":0,"name":"Shaded","section":"Shading Mode"},"sceneLighting":true,"audioPlay":false,"sceneViewState":{"showFog":true,"showMaterialUpdate":true,"showSkybox":true,"showFlares":true,"showImageEffects":true,"showParticleSystems":true},"in2DMode":false,"pivot":{"x":27.851261138916017,"y":-27.034523010253908,"z":6.58499813079834},"rotation":{"x":-0.30039089918136599,"y":-0.5443329811096191,"z":0.22035470604896546,"w":-0.7530722618103027},"size":25.10288429260254,"orthographic":false}