{"cameraMode":{"drawMode":0,"name":"Shaded","section":"Shading Mode"},"sceneLighting":true,"audioPlay":false,"sceneViewState":{"showFog":true,"showMaterialUpdate":true,"showSkybox":true,"showFlares":true,"showImageEffects":true,"showParticleSystems":true},"in2DMode":false,"pivot":{"x":-10.716176986694336,"y":-4.947690963745117,"z":-0.10123610496520996},"rotation":{"x":-0.17742358148097993,"y":0.7361130118370056,"z":-0.21105483174324037,"w":-0.6183375120162964},"size":11.903072357177735,"orthographic":false}