{"cameraMode":{"drawMode":0,"name":"Shaded","section":"Shading Mode"},"sceneLighting":true,"audioPlay":false,"sceneViewState":{"showFog":true,"showMaterialUpdate":true,"showSkybox":true,"showFlares":true,"showImageEffects":true,"showParticleSystems":true},"in2DMode":false,"pivot":{"x":0.7734880447387695,"y":2.106700897216797,"z":2.7744431495666506},"rotation":{"x":-0.29496392607688906,"y":0.21234293282032014,"z":-0.06739655882120133,"w":-0.929431140422821},"size":0.7796891927719116,"orthographic":false}