{"cameraMode":{"drawMode":2,"name":"Shaded Wireframe","section":"Shading Mode"},"sceneLighting":true,"audioPlay":false,"sceneViewState":{"showFog":true,"showMaterialUpdate":true,"showSkybox":true,"showFlares":true,"showImageEffects":true,"showParticleSystems":true},"in2DMode":false,"pivot":{"x":-0.11473486572504044,"y":3.0470807552337648,"z":0.18480899930000306},"rotation":{"x":-0.17918461561203004,"y":0.15465830266475678,"z":-0.028038334101438524,"w":-0.9715508818626404},"size":0.8660253882408142,"orthographic":false}