{"cameraMode":{"drawMode":0,"name":"Shaded","section":"Shading Mode"},"sceneLighting":true,"audioPlay":false,"sceneViewState":{"showFog":true,"showMaterialUpdate":true,"showSkybox":true,"showFlares":true,"showImageEffects":true,"showParticleSystems":true},"in2DMode":false,"pivot":{"x":-7.962266445159912,"y":-2.7853217124938967,"z":13.98646354675293},"rotation":{"x":-0.2594508230686188,"y":0.36335936188697817,"z":-0.10572762042284012,"w":-0.8891479969024658},"size":7.088723659515381,"orthographic":false}