{"cameraMode":{"drawMode":0,"name":"Shaded","section":"Shading Mode"},"sceneLighting":false,"audioPlay":false,"sceneViewState":{"showFog":true,"showMaterialUpdate":true,"showSkybox":false,"showFlares":true,"showImageEffects":true,"showParticleSystems":true},"in2DMode":false,"pivot":{"x":-63.79862976074219,"y":50.46310806274414,"z":5.862327575683594},"rotation":{"x":-0.09845969825983048,"y":0.7282657027244568,"z":-0.10686842352151871,"w":-0.6698921918869019},"size":106.09762573242188,"orthographic":false}