{"cameraMode":{"drawMode":0,"name":"Shaded","section":"Shading Mode"},"sceneLighting":true,"audioPlay":false,"sceneViewState":{"showFog":true,"showMaterialUpdate":false,"showSkybox":true,"showFlares":true,"showImageEffects":true,"showParticleSystems":true},"in2DMode":false,"pivot":{"x":-15.334392547607422,"y":3.295459032058716,"z":-3.6686923503875734},"rotation":{"x":0.11952783912420273,"y":-0.018255485221743585,"z":0.002032279269769788,"w":0.9928439855575562},"size":0.08660254627466202,"orthographic":false}