{"cameraMode":{"drawMode":0,"name":"Shaded","section":"Shading Mode"},"sceneLighting":true,"audioPlay":false,"sceneViewState":{"showFog":true,"showMaterialUpdate":false,"showSkybox":true,"showFlares":true,"showImageEffects":true,"showParticleSystems":true},"in2DMode":false,"pivot":{"x":-21.129152297973634,"y":2.244447946548462,"z":-2.40708589553833},"rotation":{"x":0.1923867166042328,"y":0.28358063101768496,"z":-0.05805278941988945,"w":0.9377750754356384},"size":1.419727087020874,"orthographic":false}