{"cameraMode":{"drawMode":0,"name":"Shaded","section":"Shading Mode"},"sceneLighting":true,"audioPlay":false,"sceneViewState":{"showFog":true,"showMaterialUpdate":false,"showSkybox":true,"showFlares":true,"showImageEffects":true,"showParticleSystems":true},"in2DMode":false,"pivot":{"x":-19.76647186279297,"y":2.290083885192871,"z":-3.6552469730377199},"rotation":{"x":-0.18124964833259583,"y":-0.02529219537973404,"z":0.0046689072623848919,"w":-0.9831476807594299},"size":0.08660166710615158,"orthographic":false}