{"cameraMode":{"drawMode":0,"name":"Shaded","section":"Shading Mode"},"sceneLighting":true,"audioPlay":false,"sceneViewState":{"showFog":true,"showMaterialUpdate":false,"showSkybox":true,"showFlares":true,"showImageEffects":true,"showParticleSystems":true},"in2DMode":false,"pivot":{"x":-17.307876586914064,"y":1.7961876392364503,"z":2.6717138290405275},"rotation":{"x":0.15352141857147218,"y":0.050006523728370669,"z":-0.007869431748986245,"w":0.9870127439498901},"size":4.119726657867432,"orthographic":false}