{"cameraMode":{"drawMode":0,"name":"Shaded","section":"Shading Mode"},"sceneLighting":true,"audioPlay":false,"sceneViewState":{"showFog":true,"showMaterialUpdate":false,"showSkybox":true,"showFlares":true,"showImageEffects":true,"showParticleSystems":true},"in2DMode":false,"pivot":{"x":41.58531188964844,"y":1.3972119092941285,"z":-41.30446243286133},"rotation":{"x":-0.20375213027000428,"y":-0.16785216331481934,"z":0.035476986318826678,"w":-0.9639295935630798},"size":0.04330301657319069,"orthographic":false}