{"cameraMode":{"drawMode":0,"name":"Shaded","section":"Shading Mode"},"sceneLighting":true,"audioPlay":false,"sceneViewState":{"showFog":true,"showMaterialUpdate":false,"showSkybox":true,"showFlares":true,"showImageEffects":true,"showParticleSystems":true},"in2DMode":false,"pivot":{"x":1.9085582494735718,"y":0.3965935707092285,"z":1.553528070449829},"rotation":{"x":-0.05321202799677849,"y":0.9288656115531921,"z":-0.33570802211761477,"w":-0.14723162353038789},"size":2.3681249618530275,"orthographic":false}