{"cameraMode":{"drawMode":0,"name":"Shaded","section":"Shading Mode"},"sceneLighting":true,"audioPlay":false,"sceneViewState":{"showFog":true,"showMaterialUpdate":false,"showSkybox":true,"showFlares":true,"showImageEffects":true,"showParticleSystems":true},"in2DMode":false,"pivot":{"x":-2.3039140701293947,"y":3.690026044845581,"z":-2.354654550552368},"rotation":{"x":-0.20260196924209596,"y":-0.17319510877132417,"z":0.03644416481256485,"w":-0.9632614850997925},"size":0.04330301657319069,"orthographic":false}